hand_id,idx,street,actor_seat,action,amount,bucket,to_call_after,pot_after,time_ms,rng_seed,snapped,meta,engine,evaluator,created_at
H1,0,preflop,0,call,,,0,0,,autoplay_test:1,,,PokerKit,PokerKit,2025-10-26T11:10:14+00:00
H1,0,preflop,0,raise,150,2.2x,120,0,,,1,"{""allowed_buckets"": [""call"", ""2.2x"", ""2.5x"", ""3.0x"", ""jam""]}",PokerKit,PokerKit,2025-10-26T11:10:29+00:00
H1,0,preflop,0,raise,325,3.0x,200,0,,,1,"{""allowed_buckets"": [""call"", ""2.2x"", ""2.5x"", ""3.0x"", ""jam""]}",PokerKit,PokerKit,2025-10-26T11:10:29+00:00
H1,0,preflop,0,call,,,0,0,,T12-roundtrip-1:1,,,PokerKit,PokerKit,2025-10-26T11:10:29+00:00
H1,0,preflop,0,call,,,0,0,,T12-roundtrip-1:1,,,PokerKit,PokerKit,2025-10-26T11:10:29+00:00
H1,0,preflop,0,raise,10000000,jam,999999999900,0,,JAM10:1,1,"{""allowed_buckets"": [""call"", ""2.2x"", ""2.5x"", ""3.0x"", ""jam""]}",PokerKit,PokerKit,2025-10-26T11:10:29+00:00
H1,0,preflop,0,call,,,0,0,,DOCS-EXAMPLE-SEED-1:1,,,PokerKit,PokerKit,2025-10-26T13:08:23+00:00
H1,1,flop,1,check,,,0,0,,autoplay_test:1,,,PokerKit,PokerKit,2025-10-26T11:10:14+00:00
H1,1,flop,1,check,,,0,0,,T12-roundtrip-1:1,,,PokerKit,PokerKit,2025-10-26T11:10:29+00:00
H1,1,flop,1,check,,,0,0,,T12-roundtrip-1:1,,,PokerKit,PokerKit,2025-10-26T11:10:29+00:00
H1,1,flop,1,check,,,0,0,,DOCS-EXAMPLE-SEED-1:1,,,PokerKit,PokerKit,2025-10-26T13:08:23+00:00
H1,2,flop,1,check,,,0,0,,autoplay_test:1,,,PokerKit,PokerKit,2025-10-26T11:10:14+00:00
H1,2,flop,1,check,,,0,0,,T12-roundtrip-1:1,,,PokerKit,PokerKit,2025-10-26T11:10:29+00:00
H1,2,flop,1,check,,,0,0,,T12-roundtrip-1:1,,,PokerKit,PokerKit,2025-10-26T11:10:29+00:00
H1,2,flop,1,check,,,0,0,,DOCS-EXAMPLE-SEED-1:1,,,PokerKit,PokerKit,2025-10-26T13:08:23+00:00
H1,3,flop,0,check,,,0,0,,autoplay_test:1,,,PokerKit,PokerKit,2025-10-26T11:10:14+00:00
H1,4,flop,1,check,,,0,0,,autoplay_test:1,,,PokerKit,PokerKit,2025-10-26T11:10:14+00:00
H1,5,flop,0,check,,,0,0,,autoplay_test:1,,,PokerKit,PokerKit,2025-10-26T11:10:14+00:00
H1,6,flop,1,check,,,0,0,,autoplay_test:1,,,PokerKit,PokerKit,2025-10-26T11:10:14+00:00
H1,7,flop,0,check,,,0,0,,autoplay_test:1,,,PokerKit,PokerKit,2025-10-26T11:10:14+00:00
H1,8,flop,1,check,,,0,0,,autoplay_test:1,,,PokerKit,PokerKit,2025-10-26T11:10:14+00:00
H1,9,flop,0,check,,,0,0,,autoplay_test:1,,,PokerKit,PokerKit,2025-10-26T11:10:14+00:00
H1,10,flop,1,check,,,0,0,,autoplay_test:1,,,PokerKit,PokerKit,2025-10-26T11:10:14+00:00
H1,11,flop,0,check,,,0,0,,autoplay_test:1,,,PokerKit,PokerKit,2025-10-26T11:10:14+00:00
H1,12,flop,1,check,,,0,0,,autoplay_test:1,,,PokerKit,PokerKit,2025-10-26T11:10:14+00:00
H1,13,flop,0,check,,,0,0,,autoplay_test:1,,,PokerKit,PokerKit,2025-10-26T11:10:14+00:00
H1,14,flop,1,check,,,0,0,,autoplay_test:1,,,PokerKit,PokerKit,2025-10-26T11:10:14+00:00
H1,15,flop,0,check,,,0,0,,autoplay_test:1,,,PokerKit,PokerKit,2025-10-26T11:10:14+00:00
H1,16,flop,1,check,,,0,0,,autoplay_test:1,,,PokerKit,PokerKit,2025-10-26T11:10:14+00:00
H1,17,flop,0,check,,,0,0,,autoplay_test:1,,,PokerKit,PokerKit,2025-10-26T11:10:14+00:00
H1,18,flop,1,check,,,0,0,,autoplay_test:1,,,PokerKit,PokerKit,2025-10-26T11:10:14+00:00
H1,19,flop,0,check,,,0,0,,autoplay_test:1,,,PokerKit,PokerKit,2025-10-26T11:10:14+00:00
H1,20,flop,1,check,,,0,0,,autoplay_test:1,,,PokerKit,PokerKit,2025-10-26T11:10:14+00:00
H1,21,flop,0,check,,,0,0,,autoplay_test:1,,,PokerKit,PokerKit,2025-10-26T11:10:14+00:00
H1,22,flop,1,check,,,0,0,,autoplay_test:1,,,PokerKit,PokerKit,2025-10-26T11:10:14+00:00
H1,23,flop,0,check,,,0,0,,autoplay_test:1,,,PokerKit,PokerKit,2025-10-26T11:10:14+00:00
H1,24,flop,1,check,,,0,0,,autoplay_test:1,,,PokerKit,PokerKit,2025-10-26T11:10:14+00:00
H1,25,flop,0,check,,,0,0,,autoplay_test:1,,,PokerKit,PokerKit,2025-10-26T11:10:14+00:00
H1,26,flop,1,check,,,0,0,,autoplay_test:1,,,PokerKit,PokerKit,2025-10-26T11:10:14+00:00
H1,27,flop,0,check,,,0,0,,autoplay_test:1,,,PokerKit,PokerKit,2025-10-26T11:10:14+00:00
H1,28,flop,1,check,,,0,0,,autoplay_test:1,,,PokerKit,PokerKit,2025-10-26T11:10:14+00:00
H1,29,flop,0,check,,,0,0,,autoplay_test:1,,,PokerKit,PokerKit,2025-10-26T11:10:14+00:00
H1,30,flop,1,check,,,0,0,,autoplay_test:1,,,PokerKit,PokerKit,2025-10-26T11:10:14+00:00
H1,31,flop,0,check,,,0,0,,autoplay_test:1,,,PokerKit,PokerKit,2025-10-26T11:10:14+00:00
H1,32,flop,1,check,,,0,0,,autoplay_test:1,,,PokerKit,PokerKit,2025-10-26T11:10:14+00:00
H1,33,flop,0,check,,,0,0,,autoplay_test:1,,,PokerKit,PokerKit,2025-10-26T11:10:14+00:00
H1,34,flop,1,check,,,0,0,,autoplay_test:1,,,PokerKit,PokerKit,2025-10-26T11:10:14+00:00
H1,35,flop,0,check,,,0,0,,autoplay_test:1,,,PokerKit,PokerKit,2025-10-26T11:10:14+00:00
H1,36,flop,1,check,,,0,0,,autoplay_test:1,,,PokerKit,PokerKit,2025-10-26T11:10:14+00:00
H1,37,flop,0,check,,,0,0,,autoplay_test:1,,,PokerKit,PokerKit,2025-10-26T11:10:14+00:00
H1,38,flop,1,check,,,0,0,,autoplay_test:1,,,PokerKit,PokerKit,2025-10-26T11:10:14+00:00
H1,39,flop,0,check,,,0,0,,autoplay_test:1,,,PokerKit,PokerKit,2025-10-26T11:10:14+00:00
H1,40,flop,1,check,,,0,0,,autoplay_test:1,,,PokerKit,PokerKit,2025-10-26T11:10:14+00:00
H1,41,flop,0,check,,,0,0,,autoplay_test:1,,,PokerKit,PokerKit,2025-10-26T11:10:14+00:00
H1,42,flop,1,check,,,0,0,,autoplay_test:1,,,PokerKit,PokerKit,2025-10-26T11:10:14+00:00
H1,43,flop,0,check,,,0,0,,autoplay_test:1,,,PokerKit,PokerKit,2025-10-26T11:10:14+00:00
H1,44,flop,1,check,,,0,0,,autoplay_test:1,,,PokerKit,PokerKit,2025-10-26T11:10:14+00:00
H1,45,flop,0,check,,,0,0,,autoplay_test:1,,,PokerKit,PokerKit,2025-10-26T11:10:14+00:00
H1,46,flop,1,check,,,0,0,,autoplay_test:1,,,PokerKit,PokerKit,2025-10-26T11:10:14+00:00
H1,47,flop,0,check,,,0,0,,autoplay_test:1,,,PokerKit,PokerKit,2025-10-26T11:10:14+00:00
H1,48,flop,1,check,,,0,0,,autoplay_test:1,,,PokerKit,PokerKit,2025-10-26T11:10:14+00:00
H1,49,flop,0,check,,,0,0,,autoplay_test:1,,,PokerKit,PokerKit,2025-10-26T11:10:14+00:00
H1,50,flop,1,check,,,0,0,,autoplay_test:1,,,PokerKit,PokerKit,2025-10-26T11:10:14+00:00
H1,51,flop,0,check,,,0,0,,autoplay_test:1,,,PokerKit,PokerKit,2025-10-26T11:10:14+00:00
H1,52,flop,1,check,,,0,0,,autoplay_test:1,,,PokerKit,PokerKit,2025-10-26T11:10:14+00:00
H1,53,flop,0,check,,,0,0,,autoplay_test:1,,,PokerKit,PokerKit,2025-10-26T11:10:14+00:00
H1,54,flop,1,check,,,0,0,,autoplay_test:1,,,PokerKit,PokerKit,2025-10-26T11:10:14+00:00
H1,55,flop,0,check,,,0,0,,autoplay_test:1,,,PokerKit,PokerKit,2025-10-26T11:10:14+00:00
H1,56,flop,1,check,,,0,0,,autoplay_test:1,,,PokerKit,PokerKit,2025-10-26T11:10:14+00:00
H1,57,flop,0,check,,,0,0,,autoplay_test:1,,,PokerKit,PokerKit,2025-10-26T11:10:14+00:00
H1,58,flop,1,check,,,0,0,,autoplay_test:1,,,PokerKit,PokerKit,2025-10-26T11:10:14+00:00
H1,59,flop,0,check,,,0,0,,autoplay_test:1,,,PokerKit,PokerKit,2025-10-26T11:10:14+00:00
H1,60,flop,1,check,,,0,0,,autoplay_test:1,,,PokerKit,PokerKit,2025-10-26T11:10:14+00:00
H1,61,flop,0,check,,,0,0,,autoplay_test:1,,,PokerKit,PokerKit,2025-10-26T11:10:14+00:00
H1,62,flop,1,check,,,0,0,,autoplay_test:1,,,PokerKit,PokerKit,2025-10-26T11:10:14+00:00
H1,63,flop,0,check,,,0,0,,autoplay_test:1,,,PokerKit,PokerKit,2025-10-26T11:10:14+00:00
H1,64,flop,1,check,,,0,0,,autoplay_test:1,,,PokerKit,PokerKit,2025-10-26T11:10:14+00:00
H1,65,flop,0,check,,,0,0,,autoplay_test:1,,,PokerKit,PokerKit,2025-10-26T11:10:14+00:00
H1,66,flop,1,check,,,0,0,,autoplay_test:1,,,PokerKit,PokerKit,2025-10-26T11:10:14+00:00
H1,67,flop,0,check,,,0,0,,autoplay_test:1,,,PokerKit,PokerKit,2025-10-26T11:10:14+00:00
H1,68,flop,1,check,,,0,0,,autoplay_test:1,,,PokerKit,PokerKit,2025-10-26T11:10:14+00:00
H1,69,flop,0,check,,,0,0,,autoplay_test:1,,,PokerKit,PokerKit,2025-10-26T11:10:14+00:00
H1,70,flop,1,check,,,0,0,,autoplay_test:1,,,PokerKit,PokerKit,2025-10-26T11:10:14+00:00
H1,71,flop,0,check,,,0,0,,autoplay_test:1,,,PokerKit,PokerKit,2025-10-26T11:10:14+00:00
H1,72,flop,1,check,,,0,0,,autoplay_test:1,,,PokerKit,PokerKit,2025-10-26T11:10:14+00:00
H1,73,flop,0,check,,,0,0,,autoplay_test:1,,,PokerKit,PokerKit,2025-10-26T11:10:14+00:00
H1,74,flop,1,check,,,0,0,,autoplay_test:1,,,PokerKit,PokerKit,2025-10-26T11:10:14+00:00
H1,75,flop,0,check,,,0,0,,autoplay_test:1,,,PokerKit,PokerKit,2025-10-26T11:10:14+00:00
H1,76,flop,1,check,,,0,0,,autoplay_test:1,,,PokerKit,PokerKit,2025-10-26T11:10:14+00:00
H1,77,flop,0,check,,,0,0,,autoplay_test:1,,,PokerKit,PokerKit,2025-10-26T11:10:14+00:00
H1,78,flop,1,check,,,0,0,,autoplay_test:1,,,PokerKit,PokerKit,2025-10-26T11:10:14+00:00
H1,79,flop,0,check,,,0,0,,autoplay_test:1,,,PokerKit,PokerKit,2025-10-26T11:10:14+00:00
H1,80,flop,1,check,,,0,0,,autoplay_test:1,,,PokerKit,PokerKit,2025-10-26T11:10:14+00:00
H1,81,flop,0,check,,,0,0,,autoplay_test:1,,,PokerKit,PokerKit,2025-10-26T11:10:15+00:00
H1,82,flop,1,check,,,0,0,,autoplay_test:1,,,PokerKit,PokerKit,2025-10-26T11:10:15+00:00
H1,83,flop,0,check,,,0,0,,autoplay_test:1,,,PokerKit,PokerKit,2025-10-26T11:10:15+00:00
H1,84,flop,1,check,,,0,0,,autoplay_test:1,,,PokerKit,PokerKit,2025-10-26T11:10:15+00:00
H1,85,flop,0,check,,,0,0,,autoplay_test:1,,,PokerKit,PokerKit,2025-10-26T11:10:15+00:00
H1,86,flop,1,check,,,0,0,,autoplay_test:1,,,PokerKit,PokerKit,2025-10-26T11:10:15+00:00
H1,87,flop,0,check,,,0,0,,autoplay_test:1,,,PokerKit,PokerKit,2025-10-26T11:10:15+00:00
H1,88,flop,1,check,,,0,0,,autoplay_test:1,,,PokerKit,PokerKit,2025-10-26T11:10:15+00:00
H1,89,flop,0,check,,,0,0,,autoplay_test:1,,,PokerKit,PokerKit,2025-10-26T11:10:15+00:00
H1,90,flop,1,check,,,0,0,,autoplay_test:1,,,PokerKit,PokerKit,2025-10-26T11:10:15+00:00
H1,91,flop,0,check,,,0,0,,autoplay_test:1,,,PokerKit,PokerKit,2025-10-26T11:10:15+00:00
H1,92,flop,1,check,,,0,0,,autoplay_test:1,,,PokerKit,PokerKit,2025-10-26T11:10:15+00:00
H1,93,flop,0,check,,,0,0,,autoplay_test:1,,,PokerKit,PokerKit,2025-10-26T11:10:15+00:00
H1,94,flop,1,check,,,0,0,,autoplay_test:1,,,PokerKit,PokerKit,2025-10-26T11:10:15+00:00
H1,95,flop,0,check,,,0,0,,autoplay_test:1,,,PokerKit,PokerKit,2025-10-26T11:10:15+00:00
H1,96,flop,1,check,,,0,0,,autoplay_test:1,,,PokerKit,PokerKit,2025-10-26T11:10:15+00:00
H1,97,flop,0,check,,,0,0,,autoplay_test:1,,,PokerKit,PokerKit,2025-10-26T11:10:15+00:00
H1,98,flop,1,check,,,0,0,,autoplay_test:1,,,PokerKit,PokerKit,2025-10-26T11:10:15+00:00
H1,99,flop,0,check,,,0,0,,autoplay_test:1,,,PokerKit,PokerKit,2025-10-26T11:10:15+00:00
H1,100,flop,1,check,,,0,0,,autoplay_test:1,,,PokerKit,PokerKit,2025-10-26T11:10:15+00:00
H1,101,flop,0,check,,,0,0,,autoplay_test:1,,,PokerKit,PokerKit,2025-10-26T11:10:15+00:00
H1,102,flop,1,check,,,0,0,,autoplay_test:1,,,PokerKit,PokerKit,2025-10-26T11:10:15+00:00
H1,103,flop,0,check,,,0,0,,autoplay_test:1,,,PokerKit,PokerKit,2025-10-26T11:10:15+00:00
H1,104,flop,1,check,,,0,0,,autoplay_test:1,,,PokerKit,PokerKit,2025-10-26T11:10:15+00:00
H1,105,flop,0,check,,,0,0,,autoplay_test:1,,,PokerKit,PokerKit,2025-10-26T11:10:15+00:00
H1,106,flop,1,check,,,0,0,,autoplay_test:1,,,PokerKit,PokerKit,2025-10-26T11:10:15+00:00
H1,107,flop,0,check,,,0,0,,autoplay_test:1,,,PokerKit,PokerKit,2025-10-26T11:10:15+00:00
H1,108,flop,1,check,,,0,0,,autoplay_test:1,,,PokerKit,PokerKit,2025-10-26T11:10:15+00:00
H1,109,flop,0,check,,,0,0,,autoplay_test:1,,,PokerKit,PokerKit,2025-10-26T11:10:15+00:00
H1,110,flop,1,check,,,0,0,,autoplay_test:1,,,PokerKit,PokerKit,2025-10-26T11:10:15+00:00
H1,111,flop,0,check,,,0,0,,autoplay_test:1,,,PokerKit,PokerKit,2025-10-26T11:10:15+00:00
H1,112,flop,1,check,,,0,0,,autoplay_test:1,,,PokerKit,PokerKit,2025-10-26T11:10:15+00:00
H1,113,flop,0,check,,,0,0,,autoplay_test:1,,,PokerKit,PokerKit,2025-10-26T11:10:15+00:00
H1,114,flop,1,check,,,0,0,,autoplay_test:1,,,PokerKit,PokerKit,2025-10-26T11:10:15+00:00
H1,115,flop,0,check,,,0,0,,autoplay_test:1,,,PokerKit,PokerKit,2025-10-26T11:10:15+00:00
H1,116,flop,1,check,,,0,0,,autoplay_test:1,,,PokerKit,PokerKit,2025-10-26T11:10:15+00:00
H1,117,flop,0,check,,,0,0,,autoplay_test:1,,,PokerKit,PokerKit,2025-10-26T11:10:15+00:00
H1,118,flop,1,check,,,0,0,,autoplay_test:1,,,PokerKit,PokerKit,2025-10-26T11:10:15+00:00
H1,119,flop,0,check,,,0,0,,autoplay_test:1,,,PokerKit,PokerKit,2025-10-26T11:10:15+00:00
H1,120,flop,1,check,,,0,0,,autoplay_test:1,,,PokerKit,PokerKit,2025-10-26T11:10:15+00:00
H1,121,flop,0,check,,,0,0,,autoplay_test:1,,,PokerKit,PokerKit,2025-10-26T11:10:15+00:00
H1,122,flop,1,check,,,0,0,,autoplay_test:1,,,PokerKit,PokerKit,2025-10-26T11:10:15+00:00
H1,123,flop,0,check,,,0,0,,autoplay_test:1,,,PokerKit,PokerKit,2025-10-26T11:10:15+00:00
H1,124,flop,1,check,,,0,0,,autoplay_test:1,,,PokerKit,PokerKit,2025-10-26T11:10:15+00:00
H1,125,flop,0,check,,,0,0,,autoplay_test:1,,,PokerKit,PokerKit,2025-10-26T11:10:15+00:00
H1,126,flop,1,check,,,0,0,,autoplay_test:1,,,PokerKit,PokerKit,2025-10-26T11:10:15+00:00
H1,127,flop,0,check,,,0,0,,autoplay_test:1,,,PokerKit,PokerKit,2025-10-26T11:10:15+00:00
H1,128,flop,1,check,,,0,0,,autoplay_test:1,,,PokerKit,PokerKit,2025-10-26T11:10:15+00:00
H1,129,flop,0,check,,,0,0,,autoplay_test:1,,,PokerKit,PokerKit,2025-10-26T11:10:15+00:00
H1,130,flop,1,check,,,0,0,,autoplay_test:1,,,PokerKit,PokerKit,2025-10-26T11:10:15+00:00
H1,131,flop,0,check,,,0,0,,autoplay_test:1,,,PokerKit,PokerKit,2025-10-26T11:10:15+00:00
H1,132,flop,1,check,,,0,0,,autoplay_test:1,,,PokerKit,PokerKit,2025-10-26T11:10:15+00:00
H1,133,flop,0,check,,,0,0,,autoplay_test:1,,,PokerKit,PokerKit,2025-10-26T11:10:15+00:00
H1,134,flop,1,check,,,0,0,,autoplay_test:1,,,PokerKit,PokerKit,2025-10-26T11:10:15+00:00
H1,135,flop,0,check,,,0,0,,autoplay_test:1,,,PokerKit,PokerKit,2025-10-26T11:10:15+00:00
H1,136,flop,1,check,,,0,0,,autoplay_test:1,,,PokerKit,PokerKit,2025-10-26T11:10:15+00:00
H1,137,flop,0,check,,,0,0,,autoplay_test:1,,,PokerKit,PokerKit,2025-10-26T11:10:15+00:00
H1,138,flop,1,check,,,0,0,,autoplay_test:1,,,PokerKit,PokerKit,2025-10-26T11:10:15+00:00
H1,139,flop,0,check,,,0,0,,autoplay_test:1,,,PokerKit,PokerKit,2025-10-26T11:10:15+00:00
H1,140,flop,1,check,,,0,0,,autoplay_test:1,,,PokerKit,PokerKit,2025-10-26T11:10:15+00:00
H1,141,flop,0,check,,,0,0,,autoplay_test:1,,,PokerKit,PokerKit,2025-10-26T11:10:15+00:00
H1,142,flop,1,check,,,0,0,,autoplay_test:1,,,PokerKit,PokerKit,2025-10-26T11:10:15+00:00
H1,143,flop,0,check,,,0,0,,autoplay_test:1,,,PokerKit,PokerKit,2025-10-26T11:10:15+00:00
H1,144,flop,1,check,,,0,0,,autoplay_test:1,,,PokerKit,PokerKit,2025-10-26T11:10:15+00:00
H1,145,flop,0,check,,,0,0,,autoplay_test:1,,,PokerKit,PokerKit,2025-10-26T11:10:15+00:00
H1,146,flop,1,check,,,0,0,,autoplay_test:1,,,PokerKit,PokerKit,2025-10-26T11:10:15+00:00
H1,147,flop,0,check,,,0,0,,autoplay_test:1,,,PokerKit,PokerKit,2025-10-26T11:10:15+00:00
H1,148,flop,1,check,,,0,0,,autoplay_test:1,,,PokerKit,PokerKit,2025-10-26T11:10:15+00:00
H1,149,flop,0,check,,,0,0,,autoplay_test:1,,,PokerKit,PokerKit,2025-10-26T11:10:15+00:00
H1,150,flop,1,check,,,0,0,,autoplay_test:1,,,PokerKit,PokerKit,2025-10-26T11:10:15+00:00
H1,151,flop,0,check,,,0,0,,autoplay_test:1,,,PokerKit,PokerKit,2025-10-26T11:10:15+00:00
H1,152,flop,1,check,,,0,0,,autoplay_test:1,,,PokerKit,PokerKit,2025-10-26T11:10:15+00:00
H1,153,flop,0,check,,,0,0,,autoplay_test:1,,,PokerKit,PokerKit,2025-10-26T11:10:15+00:00
H1,154,flop,1,check,,,0,0,,autoplay_test:1,,,PokerKit,PokerKit,2025-10-26T11:10:15+00:00
H1,155,flop,0,check,,,0,0,,autoplay_test:1,,,PokerKit,PokerKit,2025-10-26T11:10:15+00:00
H1,156,flop,1,check,,,0,0,,autoplay_test:1,,,PokerKit,PokerKit,2025-10-26T11:10:15+00:00
H1,157,flop,0,check,,,0,0,,autoplay_test:1,,,PokerKit,PokerKit,2025-10-26T11:10:15+00:00
H1,158,flop,1,check,,,0,0,,autoplay_test:1,,,PokerKit,PokerKit,2025-10-26T11:10:15+00:00
H1,159,flop,0,check,,,0,0,,autoplay_test:1,,,PokerKit,PokerKit,2025-10-26T11:10:15+00:00
H1,160,flop,1,check,,,0,0,,autoplay_test:1,,,PokerKit,PokerKit,2025-10-26T11:10:15+00:00
H1,161,flop,0,check,,,0,0,,autoplay_test:1,,,PokerKit,PokerKit,2025-10-26T11:10:15+00:00
H1,162,flop,1,check,,,0,0,,autoplay_test:1,,,PokerKit,PokerKit,2025-10-26T11:10:15+00:00
H1,163,flop,0,check,,,0,0,,autoplay_test:1,,,PokerKit,PokerKit,2025-10-26T11:10:15+00:00
H1,164,flop,1,check,,,0,0,,autoplay_test:1,,,PokerKit,PokerKit,2025-10-26T11:10:15+00:00
H1,165,flop,0,check,,,0,0,,autoplay_test:1,,,PokerKit,PokerKit,2025-10-26T11:10:15+00:00
H1,166,flop,1,check,,,0,0,,autoplay_test:1,,,PokerKit,PokerKit,2025-10-26T11:10:15+00:00
H1,167,flop,0,check,,,0,0,,autoplay_test:1,,,PokerKit,PokerKit,2025-10-26T11:10:15+00:00
H1,168,flop,1,check,,,0,0,,autoplay_test:1,,,PokerKit,PokerKit,2025-10-26T11:10:15+00:00
H1,169,flop,0,check,,,0,0,,autoplay_test:1,,,PokerKit,PokerKit,2025-10-26T11:10:15+00:00
H1,170,flop,1,check,,,0,0,,autoplay_test:1,,,PokerKit,PokerKit,2025-10-26T11:10:15+00:00
H1,171,flop,0,check,,,0,0,,autoplay_test:1,,,PokerKit,PokerKit,2025-10-26T11:10:15+00:00
H1,172,flop,1,check,,,0,0,,autoplay_test:1,,,PokerKit,PokerKit,2025-10-26T11:10:15+00:00
H1,173,flop,0,check,,,0,0,,autoplay_test:1,,,PokerKit,PokerKit,2025-10-26T11:10:15+00:00
H1,174,flop,1,check,,,0,0,,autoplay_test:1,,,PokerKit,PokerKit,2025-10-26T11:10:15+00:00
H1,175,flop,0,check,,,0,0,,autoplay_test:1,,,PokerKit,PokerKit,2025-10-26T11:10:15+00:00
H1,176,flop,1,check,,,0,0,,autoplay_test:1,,,PokerKit,PokerKit,2025-10-26T11:10:15+00:00
H1,177,flop,0,check,,,0,0,,autoplay_test:1,,,PokerKit,PokerKit,2025-10-26T11:10:15+00:00
H1,178,flop,1,check,,,0,0,,autoplay_test:1,,,PokerKit,PokerKit,2025-10-26T11:10:15+00:00
H1,179,flop,0,check,,,0,0,,autoplay_test:1,,,PokerKit,PokerKit,2025-10-26T11:10:15+00:00
H1,180,flop,1,check,,,0,0,,autoplay_test:1,,,PokerKit,PokerKit,2025-10-26T11:10:15+00:00
H1,181,flop,0,check,,,0,0,,autoplay_test:1,,,PokerKit,PokerKit,2025-10-26T11:10:15+00:00
H1,182,flop,1,check,,,0,0,,autoplay_test:1,,,PokerKit,PokerKit,2025-10-26T11:10:15+00:00
H1,183,flop,0,check,,,0,0,,autoplay_test:1,,,PokerKit,PokerKit,2025-10-26T11:10:15+00:00
H1,184,flop,1,check,,,0,0,,autoplay_test:1,,,PokerKit,PokerKit,2025-10-26T11:10:15+00:00
H1,185,flop,0,check,,,0,0,,autoplay_test:1,,,PokerKit,PokerKit,2025-10-26T11:10:15+00:00
H1,186,flop,1,check,,,0,0,,autoplay_test:1,,,PokerKit,PokerKit,2025-10-26T11:10:15+00:00
H1,187,flop,0,check,,,0,0,,autoplay_test:1,,,PokerKit,PokerKit,2025-10-26T11:10:15+00:00
H1,188,flop,1,check,,,0,0,,autoplay_test:1,,,PokerKit,PokerKit,2025-10-26T11:10:15+00:00
H1,189,flop,0,check,,,0,0,,autoplay_test:1,,,PokerKit,PokerKit,2025-10-26T11:10:15+00:00
H1,190,flop,1,check,,,0,0,,autoplay_test:1,,,PokerKit,PokerKit,2025-10-26T11:10:15+00:00
H1,191,flop,0,check,,,0,0,,autoplay_test:1,,,PokerKit,PokerKit,2025-10-26T11:10:15+00:00
H1,192,flop,1,check,,,0,0,,autoplay_test:1,,,PokerKit,PokerKit,2025-10-26T11:10:15+00:00
H1,193,flop,0,check,,,0,0,,autoplay_test:1,,,PokerKit,PokerKit,2025-10-26T11:10:15+00:00
H1,194,flop,1,check,,,0,0,,autoplay_test:1,,,PokerKit,PokerKit,2025-10-26T11:10:15+00:00
H1,195,flop,0,check,,,0,0,,autoplay_test:1,,,PokerKit,PokerKit,2025-10-26T11:10:15+00:00
H1,196,flop,1,check,,,0,0,,autoplay_test:1,,,PokerKit,PokerKit,2025-10-26T11:10:15+00:00
H1,197,flop,0,check,,,0,0,,autoplay_test:1,,,PokerKit,PokerKit,2025-10-26T11:10:15+00:00
H1,198,flop,1,check,,,0,0,,autoplay_test:1,,,PokerKit,PokerKit,2025-10-26T11:10:15+00:00
H1,199,flop,0,check,,,0,0,,autoplay_test:1,,,PokerKit,PokerKit,2025-10-26T11:10:15+00:00
H1,200,flop,1,check,,,0,0,,autoplay_test:1,,,PokerKit,PokerKit,2025-10-26T11:10:15+00:00
H1,201,flop,0,check,,,0,0,,autoplay_test:1,,,PokerKit,PokerKit,2025-10-26T11:10:15+00:00
H1,202,flop,1,check,,,0,0,,autoplay_test:1,,,PokerKit,PokerKit,2025-10-26T11:10:15+00:00
